Model,Train Acc,Val Acc,Macro-F1 for Val,Train + Val Acc
SGD,0.9833333333333333,0.9925925925925926,0.9906831167885869,0.8251851851851851
Gradient Boosting,1.0,0.9925925925925926,0.9669515669515669,1.0
ANN SGD,1.0,0.9925925925925926,0.9669515669515669,0.7881481481481482
